tweet_id,favorite_count,retweet_count
892420643555336193,32867,6876
892177421306343426,28394,5178
891815181378084864,21341,3420
891689557279858688,35826,7083
891327558926688256,34265,7589
891087950875897856,17239,2546
890971913173991426,10057,1620
890729181411237888,55281,15442
890609185150312448,23785,3553
890240255349198849,27118,5983
890006608113172480,26253,6029
889880896479866881,23808,4076
889665388333682689,40847,8186
889638837579907072,22995,3648
889531135344209921,12961,1853
889278841981685760,21414,4358
888917238123831296,24880,3687
888804989199671297,21805,3459
888554962724278272,16832,2837
888078434458587136,18543,2839
887705289381826560,25797,4440
887517139158093824,39437,9644
887473957103951883,58540,14755
887343217045368832,28699,8609
887101392804085760,26132,4889
886983233522544640,29522,6185
886736880519319552,10205,2576
886680336477933568,19139,3666
886366144734445568,17991,2572
886267009285017600,101,4
886258384151887873,23825,5169
886054160059072513,0,90
885984800019947520,27808,5503
885528943205470208,30670,5230
885518971528720385,17381,3053
885311592912609280,0,15156
885167619883638784,18667,3607
884925521741709313,65453,14718
884876753390489601,23662,4576
884562892145688576,20677,3823
884441805382717440,23112,4716
884247878851493888,61808,16613
884162670584377345,17396,2458
883838122936631299,18565,2805
883482846933004288,38985,8098
883360690899218434,19344,3019
883117836046086144,31584,5435
882992080364220416,20391,3184
882762694511734784,24097,4026
882627270321602560,23861,4960
882268110199369728,38153,9412
882045870035918850,24945,4002
881906580714921986,20797,2790
881666595344535552,43223,8765
881633300179243008,112,8
881536004380872706,42167,13142
881268444196462592,19812,4384
880935762899988482,14556,2281
880872448815771648,18172,3149
880465832366813184,24333,5122
880221127280381952,22968,3403
880095782870896641,23565,3576
879862464715927552,19115,2869
879674319642796034,281,9
879492040517615616,20073,2582
879415818425184262,90362,36708
879376492567855104,14438,2607
879130579576475649,0,5616
879050749262655488,19217,3866
879008229531029506,16283,2201
878776093423087618,16574,3369
878604707211726852,25689,5807
878404777348136964,0,1051
878316110768087041,0,5423
878281511006478336,6580,1051
878057613040115712,35863,5616
877736472329191424,67375,15513
877556246731214848,19308,3103
877316821321428993,23467,4262
877201837425926144,23177,4532
876838120628539392,17665,2755
876537666061221889,20314,3887
876484053909872640,16069,1959
876120275196170240,23914,3837
875747767867523072,21456,3514
875144289856114688,18849,4081
875097192612077568,23496,4997
875021211251597312,21847,3883
874680097055178752,23806,3841
874434818259525634,0,12008
874296783580663808,22297,3412
874057562936811520,19411,3308
874012996292530176,29202,8420
873580283840344065,20735,3279
873337748698140672,0,1306
873213775632977920,6135,1306
872967104147763200,23377,4472
872820683541237760,12696,3101
872620804844003328,17706,3004
872486979161796608,34948,7520
872122724285648897,29359,6690
871879754684805121,32100,9081
871762521631449091,17344,2914
871515927908634625,17359,2881
871166179821445120,0,4800
871102520638267392,18017,4581
871032628920680449,19585,3165
870804317367881728,28905,5179
870726314365509632,101,3
870656317836468226,10558,2160
870374049280663552,71246,22151
870308999962521604,18890,3483
870063196459192321,31516,6940
869772420881756160,36709,8489
869702957897576449,24291,5300
869596645499047938,13715,2584
869227993411051520,17596,3138
868880397819494401,56361,12023
868639477480148993,0,1711
868622495443632128,22924,4377
868552278524837888,8661,1711
867900495410671616,20961,3502
867774946302451713,29426,6140
867421006826221569,13900,2084
867072653475098625,0,99
867051520902168576,27895,6672
866720684873056260,17355,4068
866686824827068416,16648,2912
866450705531457537,105716,29596
866334964761202691,45314,12007
866094527597207552,0,7036
865718153858494464,22216,4723
865359393868664832,22927,4202
865006731092295680,24327,6543
864873206498414592,27987,7349
864279568663928832,12675,2527
864197398364647424,25949,7427
863907417377173506,17908,3533
863553081350529029,13277,3571
863471782782697472,0,2049
863432100342583297,20649,4486
863427515083354112,1917,80
863079547188785154,7700,937
863062471531167744,7302,2049
862831371563274240,16728,4374
862722525377298433,14893,3033
862457590147678208,17780,4173
862096992088072192,64585,19648
861383897657036800,31434,9094
861288531465048066,14936,3521
861005113778896900,14535,3266
860981674716409858,0,1824
860924035999428608,0,663
860563773140209665,6538,1824
860524505164394496,20593,4508
860276583193509888,16023,3006
860184849394610176,14576,5017
860177593139703809,0,26190
859924526012018688,17067,3506
859851578198683649,13564,3016
859607811541651456,16337,1347
859196978902773760,78330,25792
859074603037188101,29653,11766
858860390427611136,0,6953
858843525470990336,13762,2977
858471635011153920,18932,4184
858107933456039936,13829,2485
857989990357356544,14061,2229
857746408056729600,29993,9173
857393404942143489,5161,1414
857263160327368704,17793,3908
857214891891077121,199,16
857062103051644929,0,142
857029823797047296,16635,3439
856543823941562368,14377,2500
856526610513747968,10502,1619
856288084350160898,475,14
856282028240666624,24572,5476
855862651834028034,297,21
855860136149123072,4294,841
855857698524602368,10530,1816
855851453814013952,40292,15678
855818117272018944,23590,4713
855459453768019968,26392,7177
855245323840757760,0,5162
855138241867124737,0,36
854732716440526848,20136,5254
854482394044301312,25851,5920
854365224396361728,16698,4066
854120357044912130,28337,6471
854010172552949760,14362,2749
853760880890318849,25332,5036
853639147608842240,30745,8715
853299958564483072,13731,3115
852936405516943360,0,1761
852912242202992640,7996,1563
852672615818899456,13226,1875
852553447878664193,14464,3055
852311364735569921,29490,8704
852226086759018497,17817,5969
852189679701164033,10252,1398
851591660324737024,14530,3070
851464819735769094,21638,6185
851224888060895234,18497,5064
850753642995093505,27401,7959
850380195714523136,11696,2289
850333567704068097,3098,300
850145622816686080,14614,3332
850019790995546112,18235,4294
849776966551130114,27122,6695
849668094696017920,0,4356
849412302885593088,14258,2780
849336543269576704,10234,1656
849051919805034497,37802,7479
848690551926992896,22553,3859
848324959059550208,22183,4083
848213670039564288,7306,634
848212111729840128,14584,2667
847978865427394560,0,2857
847971574464610304,0,384
847962785489326080,21150,4492
847842811428974592,4896,1172
847617282490613760,6253,372
847606175596138505,16863,3030
847251039262605312,18402,3845
847157206088847362,17815,5140
847116187444137987,19257,2825
846874817362120707,18119,3492
846514051647705089,39995,10200
846505985330044928,12653,2708
846153765933735936,28349,8012
846139713627017216,27982,8982
846042936437604353,14398,2540
845812042753855489,26276,7733
845677943972139009,22740,4299
845397057150107648,6882,1588
845306882940190720,21028,4769
845098359547420673,0,6815
844979544864018432,12344,2289
844973813909606400,13575,2804
844580511645339650,14831,2769
844223788422217728,12347,1962
843981021012017153,13723,2656
843856843873095681,19392,4099
843604394117681152,15295,2445
843235543001513987,19419,5292
842846295480000512,13828,3248
842765311967449089,6122,1157
842535590457499648,16388,3107
842163532590374912,22111,5163
842115215311396866,12673,2700
841833993020538882,0,13341
841680585030541313,23326,7020
841439858740625411,11373,3241
841320156043304961,17901,4933
841314665196081154,14329,4166
841077006473256960,20635,4800
840761248237133825,0,1590
840728873075638272,0,14384
840698636975636481,157,2
840696689258311684,11156,872
840632337062862849,8187,1590
840370681858686976,14888,4091
840268004936019968,17407,5111
839990271299457024,12171,2030
839549326359670784,24893,6953
839239871831150596,24565,5828
838952994649550848,17876,3597
838921590096166913,10116,1819
838916489579200512,0,29
838831947270979586,0,9836
838561493054533637,9912,1209
838476387338051585,20443,4286
838201503651401729,0,9036
838150277551247360,1538,296
838085839343206401,128,0
838083903487373313,16020,2803
837820167694528512,30954,7036
837482249356513284,3493,399
837471256429613056,11636,2036
837110210464448512,14630,2142
836989968035819520,11614,2075
836753516572119041,17608,4187
836677758902222849,11507,1984
836648853927522308,0,497
836397794269200385,0,24660
836380477523124226,13479,2699
836260088725786625,19338,3912
836001077879255040,17387,3832
835685285446955009,0,7287
835574547218894849,16174,3242
835536468978302976,0,1520
835309094223372289,0,18787
835297930240217089,14954,2689
835264098648616962,7029,1520
835246439529840640,1945,63
835172783151792128,23865,5208
835152434251116546,20389,2709
834931633769889797,9809,1464
834786237630337024,19600,5007
834574053763584002,12454,2272
834477809192075265,0,9586
834458053273591808,8783,1519
834209720923721728,18726,4260
834167344700198914,14379,3296
834089966724603904,9173,1933
834086379323871233,11881,2001
833863086058651648,12254,2169
833826103416520705,16617,3432
833732339549220864,0,199
833722901757046785,19082,2951
833479644947025920,13621,1850
833124694597443584,18426,4356
832998151111966721,12077,1961
832769181346996225,0,37
832757312314028032,15373,3257
832682457690300417,10839,2610
832645525019123713,2648,475
832636094638288896,14455,2503
832397543355072512,10891,1999
832369877331693569,15578,2857
832273440279240704,10314,2098
832215909146226688,0,5616
832215726631055365,0,8438
832088576586297345,56,2
832040443403784192,0,8655
832032802820481025,16205,4205
831939777352105988,21849,5553
831926988323639298,310,34
831911600680497154,25140,5865
831670449226514432,9487,1660
831650051525054464,6477,1761
831552930092285952,8225,2118
831322785565769729,8489,1411
831315979191906304,6008,1017
831309418084069378,10754,2217
831262627380748289,10828,1859
830956169170665475,7286,1358
830583320585068544,60802,15156
830173239259324417,0,5149
830097400375152640,8899,2644
829878982036299777,0,4506
829861396166877184,11163,1763
829501995190984704,29056,9586
829449946868879360,9601,1828
829141528400556032,22263,6651
829011960981237760,48532,14699
828801551087042563,0,3096
828770345708580865,23370,5283
828708714936930305,33292,10117
828650029636317184,8679,1215
828409743546925057,5866,1062
828408677031882754,7053,1164
828381636999917570,11510,2024
828376505180889089,6793,972
828372645993398273,11521,2674
828361771580813312,2015,163
828046555563323392,10752,2605
828011680017821696,9471,1959
827933404142436356,18336,4738
827653905312006145,14136,2739
827600520311402496,6866,856
827324948884643840,14533,2758
827199976799354881,9718,2021
826958653328592898,19712,4506
826848821049180160,33079,9176
826615380357632002,0,3612
826598799820865537,4712,225
826598365270007810,9190,2144
826476773533745153,16881,3826
826240494070030336,12140,2379
826204788643753985,4468,842
826115272272650244,14325,2818
825876512159186944,9628,1711
825829644528148480,11680,2292
825535076884762624,52068,15938
825147591692263424,16755,4100
825120256414846976,0,1155
825026590719483904,5744,1155
824796380199809024,0,5007
824775126675836928,13672,3215
824663926340194305,9666,1620
824325613288833024,10861,9650
824297048279236611,13855,3506
824025158776213504,4400,543
823939628516474880,9752,2484
823719002937630720,0,10163
823699002998870016,12709,2271
823581115634085888,11883,2400
823333489516937216,640,20
823322678127919110,14406,3649
823269594223824897,0,9059
822975315408461824,15891,3132
822872901745569793,120476,39118
822859134160621569,12081,2073
822647212903690241,0,5853
822610361945911296,13576,2672
822489057087389700,16647,5853
822462944365645825,25742,12940
822244816520155136,32191,9059
822163064745328640,0,4298
821886076407029760,10367,2108
821813639212650496,0,3067
821765923262631936,7677,1539
821522889702862852,7361,1612
821421320206483457,0,5045
821407182352777218,10833,3932
821153421864615936,228,8
821149554670182400,7892,1795
821107785811234820,8791,1931
821044531881721856,11595,2084
820837357901512704,0,6120
820749716845686786,28949,9035
820690176645140481,11284,2956
820494788566847489,0,517
820446719150292993,0,2358
820314633777061888,3069,517
820078625395449857,18153,5679
820013781606658049,0,1064
819952236453363712,4882,1063
819924195358416896,11914,4466
819711362133872643,12237,2805
819588359383371776,8864,1835
819347104292290561,6643,1100
819238181065359361,2068,373
819227688460238848,21193,6120
819015337530290176,0,33898
819015331746349057,0,17461
819006400881917954,41894,17461
819004803107983360,80532,33898
818646164899774465,0,19090
818627210458333184,20677,6932
818614493328580609,9053,2316
818588835076603904,0,5594
818536468981415936,9977,2232
818307523543449600,0,7331
818259473185828864,10131,2041
818145370475810820,11312,2325
817908911860748288,4487,727
817827839487737858,47478,24660
817777686764523521,9943,2475
817536400337801217,10851,2682
817502432452313088,0,3079
817423860136083457,31097,13341
817415592588222464,5168,873
817181837579653120,0,7721
817171292965273600,8060,1831
817120970343411712,11224,2364
817056546584727552,7923,1494
816829038950027264,0,4309
816816676327063552,9238,1863
816697700272001025,9001,2016
816450570814898180,27987,7331
816336735214911488,7957,1769
816091915477250048,8281,1961
816062466425819140,0,924
816014286006976512,0,4794
815990720817401858,4567,924
815966073409433600,20622,7721
815745968457060357,0,3786
815736392542261248,9044,2084
815639385530101762,7576,1528
815390420867969024,9558,3507
814986499976527872,7068,1176
814638523311648768,10414,2485
814578408554463233,0,5354
814530161257443328,8039,1718
814153002265309185,26612,7951
813944609378369540,0,2909
813910438903693312,8604,1712
813812741911748608,33667,12769
813800681631023104,7669,1617
813217897535406080,17220,6740
813202720496779264,8542,1676
813187593374461952,18301,3975
813172488309972993,8558,1780
813157409116065792,7163,2030
813142292504645637,7854,2205
813130366689148928,4143,411
813127251579564032,10952,2877
813112105746448384,9551,2527
813096984823349248,9732,3321
813081950185472002,9181,2555
813066809284972545,7364,1800
813051746834595840,19423,6719
812781120811126785,6975,1763
812709060537683968,6101,1337
812503143955202048,5580,1127
812466873996607488,7360,1772
812372279581671427,12594,3365
811985624773361665,6728,1293
811744202451197953,6986,1448
811647686436880384,5174,670
811627233043480576,11765,2795
811386762094317568,19314,5871
810984652412424192,4913,1303
810896069567610880,8302,1610
810657578271330305,10138,2422
810284430598270976,32451,10328
810254108431155201,13537,3096
809920764300447744,14338,3612
809808892968534016,0,4503
809448704142938112,6437,1344
809220051211603969,18345,5149
809084759137812480,12195,3225
808838249661788160,9359,2811
808733504066486276,7303,2000
808501579447930884,10462,2420
808344865868283904,39258,19090
808134635716833280,0,5413
808106460588765185,8160,2027
808001312164028416,11532,3250
807621403335917568,13485,3328
807106840509214720,108817,50670
807059379405148160,0,6748
807010152071229440,12082,3541
806629075125202948,68776,31780
806620845233815552,0,5044
806576416489959424,4521,1775
806542213899489280,9476,2183
806242860592926720,0,10683
806219024703037440,5965,1105
805958939288408065,0,4929
805932879469572096,7664,1770
805826884734976000,6086,1688
805823200554876929,0,7332
805520635690676224,5338,1525
805487436403003392,8102,2338
805207613751304193,7271,1594
804738756058218496,12594,3538
804475857670639616,5679,1848
804413760345620481,0,2954
804026241225523202,41101,14766
803773340896923648,9305,2541
803692223237865472,0,6768
803638050916102144,10126,3828
803380650405482500,7181,1741
803321560782307329,0,4872
803276597545603072,9276,2261
802952499103731712,8364,1838
802624713319034886,0,2684
802600418706604034,6581,1364
802572683846291456,8283,2317
802323869084381190,14934,5381
802265048156610565,6438,1270
802239329049477120,8429,2406
802185808107208704,0,247
801958328846974976,7177,1564
801854953262350336,1687,217
801538201127157760,7595,1923
801285448605831168,5599,763
801167903437357056,22463,5413
801127390143516673,0,3639
801115127852503040,7458,1957
800859414831898624,638,89
800855607700029440,0,1493
800751577355128832,9836,2586
800513324630806528,12118,2770
800459316964663297,8794,2024
800443802682937345,0,3958
800388270626521089,10312,2593
800188575492947969,0,3609
800141422401830912,14165,2358
800018252395122689,26245,12076
799774291445383169,0,4290
799757965289017345,7749,1974
799422933579902976,7458,1761
799308762079035393,0,4993
799297110730567681,9145,2508
799063482566066176,7484,2308
798933969379225600,12108,4088
798925684722855936,6950,1332
798705661114773508,0,6103
798701998996647937,0,7096
798697898615730177,0,5977
798694562394996736,0,4552
798686750113755136,0,2143
798682547630837760,0,4346
798673117451325440,0,5113
798665375516884993,0,3622
798644042770751489,0,1720
798628517273620480,0,1834
798585098161549313,0,5171
798576900688019456,0,5384
798340744599797760,0,3089
798209839306514432,9667,2387
797971864723324932,10689,2849
797545162159308800,13461,4546
797236660651966464,18458,6052
797165961484890113,208,24
796904159865868288,0,8187
796865951799083009,7118,1809
796759840936919040,10891,2777
796563435802726400,0,6599
796484825502875648,6983,1620
796387464403357696,10168,3817
796177847564038144,0,13118
796149749086875649,29710,13118
796125600683540480,4595,1645
796116448414461957,8390,2207
796080075804475393,7779,2130
796031486298386433,9977,3425
795464331001561088,45652,21575
795400264262053889,9284,2636
795076730285391872,14941,5007
794983741416415232,0,3112
794926597468000259,9413,2125
794355576146903043,0,9492
794332329137291264,8879,2494
794205286408003585,8536,3060
793962221541933056,15501,4503
793845145112371200,8515,1716
793614319594401792,0,2859
793601777308463104,7364,1500
793500921481273345,9827,2191
793286476301799424,22678,8438
793271401113350145,8002,2217
793256262322548741,18442,7654
793241302385262592,9697,3017
793226087023144960,9059,2676
793210959003287553,8227,2562
793195938047070209,14087,5196
793180763617361921,6394,1834
793165685325201412,8662,2591
793150605191548928,5670,1564
793135492858580992,5942,2306
793120401413079041,11710,3607
792913359805018113,13220,3646
792883833364439040,10402,3926
792773781206999040,6792,1550
792394556390137856,12377,3944
792050063153438720,6598,1644
791821351946420224,0,19312
791784077045166082,0,8721
791780927877898241,0,3496
791774931465953280,41716,20389
791672322847637504,10809,2860
791406955684368384,12138,3786
791312159183634433,8082,2321
791026214425268224,0,3729
790987426131050500,9041,1956
790946055508652032,15426,4309
790723298204217344,0,2107
790698755171364864,7594,1768
790581949425475584,19090,6534
790337589677002753,7210,1740
790277117346975746,11543,2909
790227638568808452,0,3243
789986466051088384,8580,2107
789960241177853952,0,3738
789903600034189313,9515,3807
789628658055020548,6898,1606
789599242079838210,6220,1756
789530877013393408,10801,3112
789314372632018944,7976,2101
789280767834746880,0,4502
789268448748703744,8433,2400
789137962068021249,8961,2562
788908386943430656,25300,11445
788765914992902144,25234,9492
788552643979468800,0,6533
788412144018661376,14349,4851
788178268662984705,6718,1949
788150585577050112,5662,1183
788070120937619456,0,3166
788039637453406209,5631,1203
787810552592695296,7928,2796
787717603741622272,9431,2534
787397959788929025,10028,2621
787322443945877504,7189,1605
787111942498508800,0,6198
786963064373534720,24546,7287
786729988674449408,0,2221
786709082849828864,16854,5616
786664955043049472,9783,2322
786595970293370880,8713,2865
786363235746385920,10028,3156
786286427768250368,7375,2603
786233965241827333,13990,4298
786051337297522688,1323,143
786036967502913536,0,6389
785927819176054784,10477,2931
785872687017132033,6156,1646
785639753186217984,7214,2072
785533386513321988,8326,1802
785515384317313025,5626,1136
785264754247995392,6734,1492
785170936622350336,11059,4410
784826020293709826,9324,2954
784517518371221505,8279,2317
784431430411685888,5298,1160
784183165795655680,18456,7332
784057939640352768,27346,10163
783839966405230592,27602,9836
783821107061198850,6803,1795
783695101801398276,9612,2934
783466772167098368,7743,2045
783391753726550016,15584,5010
783347506784731136,0,5053
783334639985389568,26808,10683
783085703974514689,7526,1986
782969140009107456,22203,6748
782747134529531904,6886,1290
782722598790725632,15871,4929
782598640137187329,7168,1742
782305867769217024,15297,5045
782021823840026624,0,5621
781955203444699136,10272,3079
781661882474196992,9605,2475
781655249211752448,3675,1037
781524693396357120,19033,5044
781308096455073793,6559,2344
781251288990355457,7682,1897
781163403222056960,8987,2531
780931614150983680,19892,6599
780858289093574656,6587,1833
780800785462489090,5039,1182
780601303617732608,11062,3067
780543529827336192,5814,1601
780496263422808064,0,3358
780476555013349377,0,103
780459368902959104,4864,983
780192070812196864,7990,2043
780092040432480260,0,2082
780074436359819264,11136,4493
779834332596887552,17279,6389
779377524342161408,8027,2830
779124354206535695,0,16734
779056095788752897,13538,4135
778990705243029504,18304,6554
778774459159379968,0,8976
778764940568104960,796,328
778748913645780993,6280,1185
778650543019483137,5270,1368
778624900596654080,4229,925
778408200802557953,12557,3948
778396591732486144,0,11108
778383385161035776,5352,1000
778286810187399168,9472,3008
778039087836069888,7795,2414
778027034220126208,6015,1464
777953400541634568,0,3202
777885040357281792,5821,1485
777684233540206592,10318,2684
777641927919427584,0,3850
777621514455814149,8000,2306
777189768882946048,12977,3913
776819012571455488,0,12336
776813020089548800,4495,1100
776477788987613185,8031,2510
776249906839351296,0,8286
776218204058357768,27421,14430
776201521193218049,8787,2297
776113305656188928,10803,3958
776088319444877312,1677,140
775898661951791106,0,15251
775842724423557120,10723,2411
775733305207554048,12688,3639
775729183532220416,11912,4197
775364825476165632,6786,2669
775350846108426240,9313,3550
775085132600442880,14259,4290
774757898236878852,7901,1619
774639387460112384,6197,1574
774314403806253056,19990,4993
773985732834758656,9896,3519
773922284943896577,5894,1593
773704687002451968,6055,1469
773670353721753600,4919,1199
773547596996571136,20260,5594
773336787167145985,0,4560
773308824254029826,21328,6815
773247561583001600,8641,2954
773191612633579521,9143,3734
772877495989305348,7850,3520
772826264096874500,7347,2164
772615324260794368,0,3060
772581559778025472,5942,1554
772193107915964416,5526,1263
772152991789019136,3489,1033
772117678702071809,3457,672
772114945936949249,2519,431
772102971039580160,3661,846
771908950375665664,6001,1718
771770456517009408,10919,3089
771500966810099713,7580,2385
771380798096281600,9655,4560
771171053431250945,0,6745
771136648247640064,8394,2666
771102124360998913,5704,1303
771014301343748096,6300,1507
770787852854652928,4477,1082
770772759874076672,4751,1301
770655142660169732,6719,1636
770414278348247044,5779,1894
770293558247038976,5699,1325
770093767776997377,0,2765
770069151037685760,6940,2088
769940425801170949,28560,8655
769695466921623552,5877,1531
769335591808995329,0,7014
769212283578875904,4966,1572
768970937022709760,13069,5876
768909767477751808,0,2385
768855141948723200,3828,808
768609597686943744,3758,1077
768596291618299904,4625,1173
768554158521745409,0,5271
768473857036525572,12466,3107
768193404517830656,9896,3202
767884188863397888,4355,1253
767754930266464257,14555,4872
767500508068192258,6858,2104
767191397493538821,11221,3407
767122157629476866,9292,2585
766793450729734144,4617,1230
766714921925144576,2390,340
766693177336135680,3678,715
766423258543644672,5493,1427
766313316352462849,6190,1691
766078092750233600,0,2372
766069199026450432,3840,760
766008592277377025,3428,452
765719909049503744,6594,1950
765669560888528897,4710,1108
765395769549590528,24375,3055
765371061932261376,6513,1964
765222098633691136,10639,3060
764857477905154048,5918,1612
764259802650378240,5481,1361
763956972077010945,712,48
763837565564780549,11438,3729
763183847194451968,4913,1321
763167063695355904,0,2694
763103485927849985,6728,2066
762699858130116608,11025,3243
762471784394268675,10277,5803
762464539388485633,9392,3738
762316489655476224,4386,1015
762035686371364864,29156,14057
761976711479193600,4918,1789
761750502866649088,0,3520
761745352076779520,3912,781
761672994376806400,45162,26190
761599872357261312,3777,1073
761371037149827077,0,16336
761334018830917632,4690,1317
761292947749015552,4069,988
761227390836215808,4840,1411
761004547850530816,10357,3166
760893934457552897,3475,871
760656994973933572,6017,1710
760641137271070720,4551,1169
760539183865880579,6899,3264
760521673607086080,3831,1261
760290219849637889,24414,10378
760252756032651264,3624,784
760190180481531904,5228,1611
760153949710192640,0,27
759943073749200896,5404,1896
759846353224826880,6117,1770
759793422261743616,5435,1734
759557299618865152,4298,1087
759447681597108224,7689,2221
759446261539934208,1523,447
759197388317847553,5581,1774
759159934323924993,0,1053
759099523532779520,13279,3747
759047813560868866,5918,1808
758854675097526272,3232,823
758828659922702336,10206,3474
758740312047005698,5236,1475
758474966123810816,3462,902
758467244762497024,4363,1994
758405701903519748,4752,1726
758355060040593408,3063,940
758099635764359168,17295,8976
758041019896193024,2446,334
757741869644341248,6246,2967
757729163776290825,0,7077
757725642876129280,4147,1083
757611664640446465,4179,992
757597904299253760,0,273
757596066325864448,3969,939
757400162377592832,13789,6220
757393109802180609,5330,1562
757354760399941633,4110,1280
756998049151549440,5697,1804
756939218950160384,6052,1810
756651752796094464,4556,1171
756526248105566208,9433,3221
756303284449767430,3594,984
756288534030475264,40097,15992
756275833623502848,5818,1376
755955933503782912,6675,2582
755206590534418437,14931,4828
755110668769038337,19269,10007
754874841593970688,0,7110
754856583969079297,6295,2272
754747087846248448,2350,466
754482103782404096,4808,1758
754449512966619136,3402,658
754120377874386944,7186,2130
753655901052166144,5322,1958
753420520834629632,7145,3178
753398408988139520,5231,1701
753375668877008896,6924,2082
753298634498793472,0,5107
753294487569522689,3027,939
753039830821511168,33744,18787
753026973505581056,3562,859
752932432744185856,11494,6198
752917284578922496,6324,1411
752701944171524096,0,2570
752682090207055872,5464,1432
752660715232722944,3980,1402
752568224206688256,4998,2055
752519690950500352,6669,3084
752334515931054080,3505,992
752309394570878976,0,14667
752173152931807232,5414,1634
751950017322246144,2792,815
751937170840121344,4722,1174
751830394383790080,5319,1754
751793661361422336,5271,2564
751598357617971201,7224,2770
751583847268179968,3984,992
751538714308972544,4592,1132
751456908746354688,2934,911
751251247299190784,11445,5290
751205363882532864,5738,1640
751132876104687617,4600,1168
750868782890057730,4357,1221
750719632563142656,11952,4502
750506206503038976,4025,1028
750429297815552001,11994,3850
750383411068534784,4139,1021
750381685133418496,655,25
750147208377409536,2840,864
750132105863102464,3287,1154
750117059602808832,3951,1184
750101899009982464,2782,762
750086836815486976,1971,481
750071704093859840,7082,2988
750056684286914561,2877,806
750041628174217216,2889,558
750026558547456000,2459,705
750011400160841729,2931,805
749996283729883136,2759,743
749981277374128128,4679,2229
749774190421639168,4237,1185
749417653287129088,5538,1487
749403093750648834,2381,479
749395845976588288,7768,3100
749317047558017024,4960,2012
749075273010798592,5221,1848
749064354620928000,4381,1380
749036806121881602,2807,721
748977405889503236,9758,3074
748932637671223296,5283,2024
748705597323898880,2514,855
748699167502000129,4287,1433
748692773788876800,3846,1210
748575535303884801,5512,1776
748568946752774144,1984,595
748346686624440324,4716,1104
748337862848962560,6912,3676
748324050481647620,3373,670
748307329658011649,3352,644
748220828303695873,12872,6963
747963614829678593,5237,1920
747933425676525569,6018,2310
747885874273214464,2655,862
747844099428986880,2553,664
747816857231626240,4400,1033
747651430853525504,1246,141
747648653817413632,11704,5231
747600769478692864,2110,514
747594051852075008,3326,937
747512671126323200,4994,1450
747461612269887489,3495,922
747439450712596480,4922,1727
747242308580548608,0,2582
747219827526344708,4771,1416
747204161125646336,3044,811
747103485104099331,8681,3555
746906459439529985,2650,261
746872823977771008,5436,1891
746818907684614144,4824,1562
746790600704425984,4429,1434
746757706116112384,8614,3496
746726898085036033,5499,1615
746542875601690625,4590,1718
746521445350707200,0,881
746507379341139972,4261,976
746369468511756288,5611,1459
746131877086527488,6228,1961
746056683365994496,3226,722
745789745784041472,3570,949
745712589599014916,6334,2084
745433870967832576,6394,2272
745422732645535745,7753,2162
745314880350101504,6454,2449
745074613265149952,7095,3131
745057283344719872,6576,2024
744995568523612160,2667,557
744971049620602880,7137,2399
744709971296780288,5084,1401
744334592493166593,6193,1895
744234799360020481,141534,69384
744223424764059648,1495,321
743980027717509120,3785,983
743895849529389061,3307,860
743835915802583040,0,1835
743609206067040256,4059,1245
743595368194129920,16529,5843
743545585370791937,3194,849
743510151680958465,7210,3352
743253157753532416,3831,1102
743222593470234624,5580,1707
743210557239623680,3481,1219
742534281772302336,6414,3228
742528092657332225,3998,1770
742465774154047488,6563,3538
742423170473463808,8841,3358
742385895052087300,6110,1741
742161199639494656,3910,1224
742150209887731712,4583,1376
741793263812808706,4121,1364
741743634094141440,7380,2455
741438259667034112,3333,736
741303864243200000,7914,2862
741099773336379392,9009,4923
741067306818797568,8642,2765
740995100998766593,5681,2420
740711788199743490,3072,843
740699697422163968,2572,694
740676976021798912,16396,6103
740373189193256964,31637,11897
740365076218183684,2203,378
740359016048689152,2979,783
740214038584557568,6004,1760
739979191639244800,17983,5271
739932936087216128,3638,961
739844404073074688,3436,774
739623569819336705,3418,1214
739606147276148736,4855,1474
739544079319588864,35641,18920
739485634323156992,6430,2597
739238157791694849,104436,51860
738891149612572673,88,6
738885046782832640,3409,1020
738883359779196928,2962,709
738537504001953792,4590,1366
738402415918125056,2934,730
738184450748633089,3881,1090
738166403467907072,7889,2984
738156290900254721,2227,575
737826014890496000,4702,1576
737800304142471168,8985,3124
737678689543020544,4520,1170
737445876994609152,9235,3989
737322739594330112,3242,718
737310737551491075,13231,6626
736736130620620800,3786,1526
736392552031657984,15964,6533
736365877722001409,3591,1091
736225175608430592,7307,2502
736010884653420544,7087,2659
735991953473572864,3231,1027
735648611367784448,3647,987
735635087207878657,5516,2105
735274964362878976,11782,4458
735256018284875776,3002,795
735137028879360001,2823,864
734912297295085568,2477,463
734787690684657664,11299,5678
734776360183431168,2266,482
734559631394082816,1347,347
733828123016450049,3219,703
733822306246479872,3307,904
733482008106668032,2816,835
733460102733135873,3776,1121
733109485275860992,48126,15251
732732193018155009,2176,477
732726085725589504,3204,783
732585889486888962,3279,705
732375214819057664,7257,2249
732005617171337216,13354,4794
731285275100512256,3124,882
731156023742988288,3461,1122
730924654643314689,5479,1754
730573383004487680,4356,1878
730427201120833536,3126,928
730211855403241472,3405,944
730196704625098752,4334,1669
729854734790754305,3621,994
729838605770891264,1560,335
729823566028484608,3559,1107
729463711119904772,5199,2057
729113531270991872,1701,286
728986383096946689,2819,728
728760639972315136,4181,1516
728751179681943552,2469,604
728653952833728512,2991,930
728409960103686147,4381,1794
728387165835677696,3324,862
728046963732717569,3826,1063
728035342121635841,4056,1481
728015554473250816,3688,974
727685679342333952,2658,560
727644517743104000,5263,1563
727524757080539137,3998,1059
727314416056803329,2994,661
727286334147182592,2741,733
727175381690781696,3500,1218
727155742655025152,3251,1176
726935089318363137,6153,2162
726887082820554753,3457,1348
726828223124897792,3208,901
726224900189511680,3967,1022
725842289046749185,6352,2372
725786712245440512,3747,1223
725729321944506368,4663,1576
725458796924002305,1280,550
724983749226668032,3354,1144
724771698126512129,2104,558
724405726123311104,4751,1486
724049859469295616,3868,1587
724046343203856385,2394,507
724004602748780546,3749,1375
723912936180330496,3500,1105
723688335806480385,6900,2605
723673163800948736,2723,804
723179728551723008,4746,1661
722974582966214656,3691,1405
722613351520608256,4470,1464
721503162398597120,4136,1616
721001180231503872,2289,543
720785406564900865,2781,684
720775346191278080,2210,552
720415127506415616,3698,1337
720389942216527872,5718,2220
720340705894408192,2564,854
720059472081784833,3462,1001
720043174954147842,4452,1780
719991154352222208,4376,1569
719704490224398336,4054,1268
719551379208073216,4547,1686
719367763014393856,2545,675
719339463458033665,3989,1099
719332531645071360,3097,835
718971898235854848,3125,959
718939241951195136,4676,1553
718631497683582976,16910,7096
718613305783398402,2184,423
718540630683709445,2191,909
718460005985447936,2423,465
718454725339934721,4396,1352
718246886998687744,1710,437
718234618122661888,3468,896
717841801130979328,2219,538
717790033953034240,2569,973
717537687239008257,5164,1628
717428917016076293,1441,398
717421804990701568,2801,739
717047459982213120,5633,1708
717009362452090881,2913,856
716802964044845056,3866,1030
716791146589110272,8236,1472
716730379797970944,1110,392
716447146686459905,11726,5210
716439118184652801,2138,183
716285507865542656,2497,949
716080869887381504,6088,1676
715928423106027520,2863,773
715758151270801409,3339,1265
715733265223708672,4165,1504
715704790270025728,2500,506
715696743237730304,3491,1143
715680795826982913,3888,1425
715360349751484417,4914,1387
715342466308784130,2715,611
715220193576927233,2156,576
715200624753819648,4633,1653
715009755312439296,3720,1077
714982300363173890,3338,915
714962719905021952,6562,3764
714957620017307648,3719,1263
714631576617938945,2942,876
714606013974974464,3269,814
714485234495041536,2397,997
714258258790387713,2739,660
714251586676113411,2949,749
714214115368108032,2074,786
714141408463036416,3886,1249
713919462244790272,2963,705
713909862279876608,1705,477
713900603437621249,2543,644
713761197720473600,4354,1218
713411074226274305,3998,1161
713177543487135744,6481,2549
713175907180089344,3979,1310
712809025985978368,17120,5977
712717840512598017,11058,4438
712668654853337088,3728,1086
712438159032893441,4766,1394
712309440758808576,217,24
712097430750289920,3368,916
712092745624633345,2633,789
712085617388212225,2936,429
712065007010385924,2018,560
711998809858043904,0,119
711968124745228288,7217,2051
711743778164514816,2554,889
711732680602345472,7901,3626
711694788429553666,29591,16336
711652651650457602,3457,810
711363825979756544,3242,1003
711306686208872448,2974,664
711008018775851008,2664,549
710997087345876993,4102,1242
710844581445812225,2294,601
710833117892898816,2408,466
710658690886586372,2082,509
710609963652087808,4327,2124
710588934686908417,4088,1665
710296729921429505,2141,658
710283270106132480,1934,472
710272297844797440,4043,1115
710269109699739648,2141,996
710153181850935296,2631,796
710140971284037632,2462,788
710117014656950272,4928,1757
709918798883774466,3133,968
709901256215666688,597,90
709852847387627521,3155,1074
709566166965075968,3173,1050
709556954897764353,2938,966
709519240576036864,1346,216
709449600415961088,1963,509
709409458133323776,2378,604
709225125749587968,2151,515
709207347839836162,11207,5102
709198395643068416,2208,576
709179584944730112,1817,593
709158332880297985,1828,359
709042156699303936,4218,1453
708853462201716736,1636,585
708845821941387268,2687,795
708834316713893888,1496,442
708810915978854401,14886,6164
708738143638450176,2482,728
708711088997666817,2288,631
708479650088034305,2287,610
708469915515297792,2756,716
708400866336894977,14360,8912
708356463048204288,3231,1177
708349470027751425,2136,664
708149363256774660,3893,1390
708130923141795840,3031,769
708119489313951744,2418,870
708109389455101952,1761,493
708026248782585858,3974,1719
707995814724026368,2794,989
707983188426153984,43,2
707969809498152960,2425,856
707776935007539200,2933,853
707741517457260545,2233,545
707738799544082433,3646,2162
707693576495472641,3035,902
707629649552134146,2301,771
707610948723478529,15244,5621
707420581654872064,2018,612
707411934438625280,2067,531
707387676719185920,3133,1122
707377100785885184,2936,958
707315916783140866,2232,565
707297311098011648,2509,699
707059547140169728,2345,610
707038192327901184,1971,701
707021089608753152,3645,1207
707014260413456384,2066,535
706904523814649856,13151,7014
706901761596989440,1846,509
706681918348251136,2953,878
706644897839910912,2299,962
706593038911545345,1935,568
706538006853918722,3122,1268
706516534877929472,2819,916
706346369204748288,3082,824
706310011488698368,19095,7010
706291001778950144,1530,426
706265994973601792,2444,831
706169069255446529,3523,1981
706166467411222528,4618,1421
706153300320784384,1329,337
705975130514706432,2797,652
705970349788291072,2855,783
705898680587526145,2126,487
705786532653883392,1760,458
705591895322394625,2820,1007
705475953783398401,2668,808
705442520700944385,3974,1431
705428427625635840,3414,1493
705239209544720384,2680,665
705223444686888960,2323,706
705102439679201280,1925,468
705066031337840642,1968,549
704871453724954624,3902,997
704859558691414016,2014,469
704847917308362754,4591,1341
704819833553219584,2382,883
704761120771465216,5971,2582
704499785726889984,2585,879
704491224099647488,670,68
704480331685040129,3061,959
704364645503647744,7172,3175
704347321748819968,1407,305
704134088924532736,1356,403
704113298707505153,1668,510
704054845121142784,2633,831
703774238772166656,1664,397
703769065844768768,2927,1002
703631701117943808,2316,587
703611486317502464,3444,1350
703425003149250560,3407,1202
703407252292673536,2211,612
703382836347330562,3142,1009
703356393781329922,1725,338
703268521220972544,1790,488
703079050210877440,6659,2747
703041949650034688,23734,11108
702932127499816960,2298,636
702899151802126337,1452,402
702684942141153280,2901,948
702671118226825216,1960,497
702598099714314240,11019,3085
702539513671897089,2583,851
702332542343577600,2859,1361
702321140488925184,2943,934
702276748847800320,2226,684
702217446468493312,4261,1199
701981390485725185,3072,873
701952816642965504,3440,912
701889187134500865,3170,1241
701805642395348998,3057,1487
701601587219795968,1883,411
701570477911896070,2509,821
701545186879471618,2389,534
701214700881756160,10991,4552
700890391244103680,1983,500
700864154249383937,2343,548
700847567345688576,2217,442
700796979434098688,2186,846
700747788515020802,20504,8286
700518061187723268,2331,710
700505138482569216,2048,516
700462010979500032,3693,1601
700167517596164096,2359,639
700151421916807169,2005,594
700143752053182464,6733,2385
700062718104104960,2383,596
700029284593901568,1872,522
700002074055016451,2957,1183
699801817392291840,2712,834
699788877217865730,2001,464
699779630832685056,2445,1087
699775878809702401,1769,530
699691744225525762,9237,4073
699446877801091073,5362,2343
699434518667751424,1984,458
699423671849451520,1218,282
699413908797464576,1881,555
699370870310113280,1695,383
699323444782047232,2834,775
699088579889332224,2024,551
699079609774645248,2203,560
699072405256409088,2645,1063
699060279947165696,3361,1586
699036661657767936,2354,1077
698989035503689728,3012,859
698953797952008193,2413,801
698907974262222848,2286,544
698710712454139905,2210,602
698703483621523456,1291,332
698635131305795584,1159,305
698549713696649216,2088,546
698355670425473025,1665,389
698342080612007937,2033,853
698262614669991936,4294,1755
698195409219559425,15141,5354
698178924120031232,2533,664
697995514407682048,1376,299
697990423684476929,2955,1152
697943111201378304,2151,596
697881462549430272,2726,1036
697630435728322560,1558,488
697616773278015490,2833,904
697596423848730625,2700,1109
697575480820686848,1843,445
697516214579523584,1834,975
697482927769255936,2186,591
697463031882764288,3087,1245
697270446429966336,4253,1683
697259378236399616,2961,879
697255105972801536,2787,1034
697242256848379904,2273,604
696900204696625153,2858,913
696894894812565505,2116,610
696886256886657024,4355,1600
696877980375769088,2204,627
696754882863349760,1339,323
696744641916489729,1851,822
696713835009417216,2130,574
696518437233913856,3553,1537
696490539101908992,1106,121
696488710901260288,2262,905
696405997980676096,2858,1030
696100768806522880,1729,579
695816827381944320,2699,1031
695794761660297217,2851,688
695767669421768709,1671,652
695629776980148225,4101,1853
695446424020918272,4006,1624
695409464418041856,7778,3184
695314793360662529,3274,1279
695095422348574720,2403,534
695074328191332352,2554,972
695064344191721472,1451,520
695051054296211456,2377,710
694925794720792577,2433,804
694905863685980160,2469,817
694669722378485760,32152,12811
694356675654983680,1362,245
694352839993344000,1841,534
694342028726001664,1428,424
694329668942569472,1782,443
694206574471057408,3730,1829
694183373896572928,2648,831
694001791655137281,3055,908
693993230313091072,1694,354
693942351086120961,1576,322
693647888581312512,2407,511
693644216740769793,1224,114
693642232151285760,2284,372
693629975228977152,2217,715
693622659251335168,1398,331
693590843962331137,4536,1748
693582294167244802,1489,219
693486665285931008,1598,555
693280720173801472,3032,1103
693267061318012928,2153,718
693262851218264065,2006,443
693231807727280129,2595,657
693155686491000832,7106,2846
693109034023534592,1526,547
693095443459342336,1656,398
692919143163629568,2442,683
692905862751522816,2190,773
692901601640583168,1586,531
692894228850999298,2031,700
692828166163931137,2588,781
692752401762250755,6128,3234
692568918515392513,3948,1371
692535307825213440,2832,1217
692530551048294401,1651,360
692423280028966913,1340,192
692417313023332352,8424,3079
692187005137076224,2281,732
692158366030913536,1925,709
692142790915014657,1475,349
692041934689402880,3056,1116
692017291282812928,2613,850
691820333922455552,3546,1459
691793053716221953,7316,3760
691756958957883396,2545,871
691675652215414786,1759,455
691483041324204033,2140,493
691459709405118465,3648,998
691444869282295808,2376,734
691416866452082688,17419,6768
691321916024623104,2321,587
691096613310316544,2685,782
691090071332753408,1558,299
690989312272396288,5310,2558
690959652130045952,3236,1092
690938899477221376,3698,1717
690932576555528194,2963,883
690735892932222976,3409,1125
690728923253055490,1940,457
690690673629138944,2092,734
690649993829576704,1177,244
690607260360429569,275,14
690597161306841088,1740,539
690400367696297985,1707,395
690374419777196032,2901,754
690360449368465409,2389,777
690348396616552449,1340,457
690248561355657216,1500,363
690021994562220032,2524,910
690015576308211712,2245,649
690005060500217858,3305,1526
689999384604450816,1267,324
689993469801164801,1325,396
689977555533848577,1233,401
689905486972461056,2211,607
689877686181715968,2744,1023
689835978131935233,1969,677
689661964914655233,2928,838
689659372465688576,9295,3423
689623661272240129,1996,569
689599056876867584,10517,4950
689557536375177216,1856,394
689517482558820352,3065,1272
689289219123089408,2029,830
689283819090870273,2946,981
689280876073582592,1787,630
689275259254616065,1029,218
689255633275777024,2288,961
689154315265683456,2794,881
689143371370250240,1831,450
688916208532455424,2438,761
688908934925697024,1899,697
688898160958271489,1884,701
688894073864884227,2020,613
688828561667567616,1253,312
688804835492233216,870,165
688789766343622656,2005,594
688547210804498433,2338,612
688519176466644993,2103,647
688385280030670848,8326,4016
688211956440801280,2036,730
688179443353796608,1924,519
688116655151435777,2558,686
688064179421470721,1553,313
687841446767013888,4900,2205
687826841265172480,2468,995
687818504314159109,2238,851
687807801670897665,2133,641
687732144991551489,1585,585
687704180304273409,2191,756
687664829264453632,1763,464
687494652870668288,1724,519
687480748861947905,1444,215
687476254459715584,1781,472
687460506001633280,1846,485
687399393394311168,1706,541
687317306314240000,18214,8187
687312378585812992,3929,1703
687127927494963200,4862,2013
687124485711986689,1976,455
687109925361856513,5257,2197
687102708889812993,2115,855
687096057537363968,2030,545
686947101016735744,7794,2849
686760001961103360,3175,1241
686749460672679938,3136,1294
686730991906516992,3724,1072
686683045143953408,2553,718
686618349602762752,3340,1220
686606069955735556,1707,482
686394059078897668,1556,626
686386521809772549,2934,773
686377065986265092,1997,502
686358356425093120,1946,579
686286779679375361,3633,1493
686050296934563840,2029,649
686035780142297088,1035,101
686034024800862208,2781,1014
686007916130873345,2234,356
686003207160610816,1645,555
685973236358713344,1891,467
685943807276412928,1467,525
685906723014619143,6756,2547
685681090388975616,1840,108
685667379192414208,2142,507
685663452032069632,2920,1310
685641971164143616,2647,688
685547936038666240,29687,13853
685532292383666176,2749,1031
685325112850124800,8475,3520
685321586178670592,2395,573
685315239903100929,2963,930
685307451701334016,1874,386
685268753634967552,2764,1051
685198997565345792,2090,585
685169283572338688,3692,1256
684969860808454144,2164,322
684959798585110529,6158,2758
684940049151070208,2891,921
684926975086034944,3125,409
684914660081053696,3159,1303
684902183876321280,1666,457
684880619965411328,1881,712
684830982659280897,31620,19312
684800227459624960,2458,893
684594889858887680,7997,3115
684588130326986752,3734,1258
684567543613382656,2708,1082
684538444857667585,2380,838
684481074559381504,3484,1053
684460069371654144,1776,492
684241637099323392,7329,2899
684225744407494656,1112,182
684222868335505415,3425,1218
684200372118904832,1927,926
684195085588783105,1715,448
684188786104872960,3131,1026
684177701129875456,1822,583
684147889187209216,2663,1342
684122891630342144,1816,416
684097758874210310,3697,1269
683857920510050305,3434,997
683852578183077888,1750,311
683849932751646720,2355,840
683834909291606017,2355,1002
683828599284170753,2527,960
683773439333797890,2988,1201
683742671509258241,5831,2953
683515932363329536,6670,2570
683498322573824003,2853,859
683481228088049664,2393,885
683462770029932544,2179,608
683449695444799489,3505,1432
683391852557561860,6864,2143
683357973142474752,2611,812
683142553609318400,2580,923
683111407806746624,3062,809
683098815881154561,1949,580
683078886620553216,1801,512
683030066213818368,1946,650
682962037429899265,32984,14624
682808988178739200,1585,149
682788441537560576,2232,1002
682750546109968385,1363,387
682697186228989953,1180,327
682662431982772225,2732,968
682638830361513985,1853,528
682429480204398592,3096,1021
682406705142087680,6784,1559
682393905736888321,2014,580
682389078323662849,1498,418
682303737705140231,2757,873
682259524040966145,3693,1059
682242692827447297,2893,1022
682088079302213632,16373,8721
682059653698686977,4438,1513
682047327939461121,2872,835
682032003584274432,5925,1759
682003177596559360,2793,1342
681981167097122816,2531,906
681891461017812993,2204,736
681694085539872773,11502,3609
681679526984871937,1589,392
681654059175129088,2358,807
681610798867845120,1691,411
681579835668455424,3176,1158
681523177663676416,12883,5107
681340665377193984,1476,246
681339448655802368,8378,3639
681320187870711809,2354,660
681302363064414209,3513,1598
681297372102656000,2896,838
681281657291280384,2902,979
681261549936340994,1294,234
681242418453299201,1320,464
681231109724700672,2182,429
681193455364796417,3325,1302
680970795137544192,2162,576
680959110691590145,4137,1785
680940246314430465,2854,917
680934982542561280,1867,387
680913438424612864,2154,552
680889648562991104,1564,316
680836378243002368,3114,1163
680805554198020098,1919,595
680801747103793152,2135,729
680798457301471234,2543,926
680609293079592961,2347,619
680583894916304897,3227,1170
680497766108381184,3786,1702
680494726643068929,1538,429
680473011644985345,2296,655
680440374763077632,1292,425
680221482581123072,1318,254
680206703334408192,2527,1019
680191257256136705,1937,435
680176173301628928,3464,1366
680161097740095489,2093,651
680145970311643136,3229,1532
680130881361686529,2061,838
680115823365742593,2447,812
680100725817409536,3220,1223
680085611152338944,11495,8005
680070545539371008,2328,761
679877062409191424,1734,568
679872969355714560,1962,587
679862121895714818,2191,540
679854723806179328,2549,1080
679844490799091713,2134,677
679828447187857408,32361,12336
679777920601223168,2791,973
679736210798047232,1871,705
679729593985699840,1952,731
679722016581222400,1497,421
679530280114372609,4265,1846
679527802031484928,2360,644
679511351870550016,2993,1116
679503373272485890,2837,1312
679475951516934144,1871,566
679462823135686656,28747,16733
679405845277462528,2110,1047
679158373988876288,18983,7110
679148763231985668,2490,899
679132435750195208,2624,1013
679111216690831360,5298,2262
679062614270468097,15135,7077
679047485189439488,2019,582
679001094530465792,2539,1075
678991772295516161,2019,996
678969228704284672,1462,404
678800283649069056,2297,802
678798276842360832,3098,1009
678774928607469569,2509,803
678767140346941444,3150,1203
678764513869611008,1452,411
678755239630127104,6362,2881
678740035362037760,3319,1465
678708137298427904,5000,2147
678675843183484930,2537,1292
678643457146150913,1825,352
678446151570427904,3584,1347
678424312106393600,4884,2223
678410210315247616,3743,1583
678399652199309312,71780,28080
678396796259975168,1421,365
678389028614488064,1672,371
678380236862578688,2181,804
678341075375947776,1536,468
678334497360859136,1157,222
678278586130948096,10191,5404
678255464182861824,1418,321
678023323247357953,1698,336
678021115718029313,12059,5515
677961670166224897,3074,1496
677918531514703872,1188,352
677895101218201600,4289,1802
677716515794329600,2717,853
677700003327029250,3036,1262
677698403548192770,1086,281
677687604918272002,2208,733
677673981332312066,2961,1321
677662372920729601,1737,831
677644091929329666,1660,715
677573743309385728,1900,587
677565715327688705,1158,404
677557565589463040,2173,994
677547928504967168,6167,3227
677530072887205888,941,196
677335745548390400,2684,1522
677334615166730240,1197,246
677331501395156992,963,202
677328882937298944,3255,1314
677314812125323265,1462,459
677301033169788928,1085,350
677269281705472000,1761,625
677228873407442944,3144,1428
677187300187611136,2431,794
676975532580409345,2466,930
676957860086095872,1978,711
676949632774234114,1155,344
676948236477857792,1911,760
676946864479084545,1534,320
676942428000112642,1831,659
676936541936185344,11322,4346
676916996760600576,2634,1588
676897532954456065,1993,630
676864501615042560,1837,613
676821958043033607,20200,13522
676819651066732545,1616,589
676811746707918848,1277,369
676776431406465024,4435,1774
676617503762681856,2564,840
676613908052996102,961,170
676606785097199616,1680,384
676603393314578432,1019,332
676593408224403456,4033,1842
676590572941893632,814,106
676588346097852417,2035,679
676582956622721024,1048,247
676575501977128964,2276,974
676533798876651520,1660,482
676496375194980353,1335,458
676470639084101634,10329,4095
676440007570247681,1531,579
676430933382295552,1232,299
676263575653122048,1838,473
676237365392908289,1058,241
676219687039057920,69072,27237
676215927814406144,1526,508
676191832485810177,2001,897
676146341966438401,1717,573
676121918416756736,1910,1009
676101918813499392,2531,1032
676098748976615425,2618,1226
676089483918516224,1152,382
675898130735476737,1406,496
675891555769696257,1873,748
675888385639251968,2070,822
675878199931371520,3679,1217
675870721063669760,1429,487
675853064436391936,2373,1115
675849018447167488,840,122
675845657354215424,1993,763
675822767435051008,1348,467
675820929667219457,932,201
675798442703122432,9102,2998
675781562965868544,1422,413
675740360753160193,1034,289
675710890956750848,1640,706
675707330206547968,1746,585
675706639471788032,565,82
675534494439489536,1623,351
675531475945709568,1042,322
675522403582218240,912,245
675517828909424640,1116,399
675501075957489664,15125,5113
675497103322386432,2750,1106
675489971617296384,1120,524
675483430902214656,1612,834
675432746517426176,1334,494
675372240448454658,1494,447
675362609739206656,917,189
675354435921575936,28959,14667
675349384339542016,3446,1961
675334060156301312,2424,1111
675166823650848770,3097,1355
675153376133427200,5470,2222
675149409102012420,3273,1472
675147105808306176,828,193
675146535592706048,1038,248
675145476954566656,1871,764
675135153782571009,1138,403
675113801096802304,1695,677
675111688094527488,846,209
675109292475830276,2455,981
675047298674663426,909,268
675015141583413248,2356,1016
675006312288268288,853,195
675003128568291329,1356,397
674999807681908736,1939,938
674805413498527744,735,305
674800520222154752,2629,733
674793399141146624,2159,930
674790488185167872,962,213
674788554665512960,704,180
674781762103414784,1751,1019
674774481756377088,960,398
674767892831932416,1590,681
674764817387900928,682,198
674754018082705410,1200,376
674752233200820224,1274,389
674743008475090944,1230,454
674742531037511680,420,42
674739953134403584,947,321
674737130913071104,564,79
674690135443775488,1003,406
674670581682434048,1414,557
674664755118911488,795,200
674646392044941312,1232,420
674644256330530816,905,236
674638615994089473,1483,499
674632714662858753,1315,492
674606911342424069,827,85
674468880899788800,5456,1758
674447403907457024,931,307
674436901579923456,962,337
674422304705744896,1249,453
674416750885273600,587,113
674410619106390016,1041,388
674394782723014656,1304,479
674372068062928900,741,275
674330906434379776,483,64
674318007229923329,1219,441
674307341513269249,9917,5940
674291837063053312,12847,5053
674271431610523648,1359,632
674269164442398721,800,200
674265582246694913,1427,720
674262580978937856,1150,372
674255168825880576,1271,457
674082852460433408,658,141
674075285688614912,862,243
674063288070742018,5570,1881
674053186244734976,2876,1103
674051556661161984,1262,422
674045139690631169,1239,549
674042553264685056,620,107
674038233588723717,950,361
674036086168010753,740,180
674024893172875264,1549,1058
674019345211760640,989,258
674014384960745472,1356,546
674008982932058114,1061,294
673956914389192708,1708,819
673919437611909120,1034,318
673906403526995968,2774,1407
673887867907739649,820,218
673716320723169284,2705,661
673715861853720576,3085,1779
673711475735838725,919,260
673709992831262724,732,229
673708611235921920,934,250
673707060090052608,966,337
673705679337693185,1099,349
673700254269775872,1256,489
673697980713705472,3420,1668
673689733134946305,1499,556
673688752737402881,1097,429
673686845050527744,1250,365
673680198160809984,1198,401
673662677122719744,1102,318
673656262056419329,629,192
673636718965334016,969,305
673612854080196609,1393,618
673583129559498752,1039,305
673580926094458881,717,230
673576835670777856,1203,479
673363615379013632,911,265
673359818736984064,1258,581
673355879178194945,1303,487
673352124999274496,1461,469
673350198937153538,665,182
673345638550134785,2174,1082
673343217010679808,836,232
673342308415348736,1106,485
673320132811366400,11684,6745
673317986296586240,758,213
673295268553605120,6564,2694
673270968295534593,925,307
673240798075449344,1238,609
673213039743795200,1918,712
673148804208660480,1448,535
672997845381865473,1705,619
672995267319328768,821,247
672988786805112832,852,252
672984142909456390,1088,461
672980819271634944,1589,877
672975131468300288,1451,766
672970152493887488,810,299
672968025906282496,1141,456
672964561327235073,1228,544
672902681409806336,1185,417
672898206762672129,769,353
672884426393653248,1337,718
672877615439593473,887,295
672834301050937345,1128,494
672828477930868736,1085,409
672640509974827008,849,268
672622327801233409,1127,413
672614745925664768,1065,507
672609152938721280,941,333
672604026190569472,942,332
672594978741354496,1140,520
672591762242805761,822,277
672591271085670400,629,153
672538107540070400,883,310
672523490734551040,540,143
672488522314567680,969,364
672482722825261057,965,513
672481316919734272,625,110
672475084225949696,1263,601
672466075045466113,1165,436
672272411274932228,5602,2883
672267570918129665,1280,526
672264251789176834,994,281
672256522047614977,2452,1305
672254177670729728,1247,639
672248013293752320,1494,511
672245253877968896,592,128
672239279297454080,798,270
672231046314901505,1585,869
672222792075620352,690,170
672205392827572224,1927,991
672169685991993344,892,314
672160042234327040,752,301
672139350159835138,1509,587
672125275208069120,2075,964
672095186491711488,857,325
672082170312290304,821,315
672068090318987265,1114,437
671896809300709376,7418,3622
671891728106971137,1151,471
671882082306625538,3024,1185
671879137494245376,1222,561
671874878652489728,1085,471
671866342182637568,978,410
671855973984772097,782,365
671789708968640512,6161,2949
671768281401958400,1026,423
671763349865160704,1463,761
671744970634719232,1175,644
671743150407421952,658,196
671735591348891648,1262,645
671729906628341761,7319,3736
671561002136281088,11109,6195
671550332464455680,798,182
671547767500775424,1186,490
671544874165002241,1704,878
671542985629241344,942,476
671538301157904385,822,333
671536543010570240,1013,338
671533943490011136,885,489
671528761649688577,717,210
671520732782923777,1197,441
671518598289059840,821,246
671511350426865664,1388,597
671504605491109889,6087,3069
671497587707535361,800,377
671488513339211776,863,406
671486386088865792,499,170
671485057807351808,657,191
671390180817915904,1259,643
671362598324076544,956,254
671357843010908160,345,132
671355857343524864,406,102
671347597085433856,813,362
671186162933985280,619,173
671182547775299584,955,278
671166507850801152,762,300
671163268581498880,1426,951
671159727754231808,311,67
671154572044468225,609,184
671151324042559489,570,127
671147085991960577,570,191
671141549288370177,1001,563
671138694582165504,800,334
671134062904504320,636,158
671122204919246848,3013,2154
671115716440031232,1190,661
671109016219725825,980,373
670995969505435648,944,235
670842764863651840,21417,7435
670840546554966016,514,165
670838202509447168,958,590
670833812859932673,373,108
670832455012716544,627,180
670826280409919488,4753,3445
670823764196741120,658,157
670822709593571328,536,82
670815497391357952,2713,1288
670811965569282048,960,226
670807719151067136,1031,422
670804601705242624,1693,807
670803562457407488,297,75
670797304698376195,645,199
670792680469889025,719,235
670789397210615808,568,209
670786190031921152,516,166
670783437142401025,710,326
670782429121134593,1315,644
670780561024270336,688,247
670778058496974848,291,62
670764103623966721,937,365
670755717859713024,387,86
670733412878163972,831,441
670727704916926465,719,311
670717338665226240,1025,408
670704688707301377,679,313
670691627984359425,506,207
670679630144274432,648,235
670676092097810432,211,35
670668383499735048,9223,4234
670474236058800128,1311,629
670468609693655041,308,77
670465786746662913,842,458
670452855871037440,478,173
670449342516494336,1056,561
670444955656130560,5913,1720
670442337873600512,569,173
670435821946826752,914,428
670434127938719744,1240,554
670433248821026816,289,99
670428280563085312,1194,509
670427002554466305,451,140
670421925039075328,1110,540
670420569653809152,529,262
670417414769758208,489,280
670411370698022913,1754,755
670408998013820928,475,183
670403879788544000,369,126
670385711116361728,481,169
670374371102445568,655,230
670361874861563904,284,54
670338931251150849,365,96
670319130621435904,3374,1053
670303360680108032,377,106
670290420111441920,615,245
670093938074779648,891,275
670086499208155136,602,212
670079681849372674,1915,1041
670073503555706880,1360,676
670069087419133954,530,204
670061506722140161,649,282
670055038660800512,582,277
670046952931721218,560,147
670040295598354432,643,95
670037189829525505,515,236
670003130994700288,285,76
669993076832759809,277,68
669972011175813120,385,130
669970042633789440,262,43
669942763794931712,435,131
669926384437997569,328,80
669923323644657664,198,50
669753178989142016,690,335
669749430875258880,224,55
669684865554620416,438,74
669683899023405056,332,91
669682095984410625,306,112
669680153564442624,573,240
669661792646373376,703,357
669625907762618368,3048,1544
669603084620980224,831,316
669597912108789760,440,129
669583744538451968,1297,788
669573570759163904,379,119
669571471778410496,1380,863
669567591774625800,199,45
669564461267722241,328,102
669393256313184256,305,61
669375718304980992,1151,619
669371483794317312,424,147
669367896104181761,398,127
669363888236994561,546,198
669359674819481600,322,101
669354382627049472,2331,1075
669353438988365824,556,222
669351434509529089,371,151
669328503091937280,886,356
669327207240699904,486,99
669324657376567296,430,180
669216679721873412,1030,344
669214165781868544,376,134
669203728096960512,870,400
669037058363662336,561,260
669015743032369152,634,319
669006782128353280,500,205
669000397445533696,18137,5423
668994913074286592,382,186
668992363537309700,639,290
668989615043424256,584,285
668988183816871936,780,389
668986018524233728,466,137
668981893510119424,467,253
668979806671884288,690,285
668975677807423489,1129,493
668967877119254528,124,18
668960084974809088,601,207
668955713004314625,234,63
668932921458302977,224,50
668902994700836864,271,85
668892474547511297,342,123
668872652652679168,464,260
668852170888998912,399,139
668826086256599040,374,111
668815180734689280,477,219
668779399630725120,618,319
668655139528511488,460,184
668645506898350081,751,451
668643542311546881,762,441
668641109086707712,926,458
668636665813057536,896,428
668633411083464705,2418,1366
668631377374486528,602,273
668627278264475648,272,95
668625577880875008,322,109
668623201287675904,1229,646
668620235289837568,180,35
668614819948453888,533,267
668587383441514497,1445,911
668567822092664832,203,46
668544745690562560,439,194
668542336805281792,389,179
668537837512433665,220,61
668528771708952576,395,187
668507509523615744,269,86
668496999348633600,351,113
668484198282485761,358,203
668480044826800133,382,125
668466899341221888,750,432
668297328638447616,543,254
668291999406125056,207,25
668286279830867968,427,110
668274247790391296,702,193
668268907921326080,473,204
668256321989451776,1126,509
668248472370458624,814,400
668237644992782336,5323,2374
668226093875376128,241,84
668221241640230912,442,169
668204964695683073,477,169
668190681446379520,561,169
668171859951755264,414,158
668154635664932864,428,266
668142349051129856,499,233
668113020489474048,564,206
667937095915278337,1093,676
667924896115245057,259,94
667915453470232577,181,46
667911425562669056,421,239
667902449697558528,737,324
667886921285246976,1618,897
667885044254572545,714,389
667878741721415682,341,100
667873844930215936,539,333
667866724293877760,2645,881
667861340749471744,216,68
667832474953625600,246,53
667806454573760512,910,411
667801013445750784,276,80
667793409583771648,591,279
667782464991965184,355,208
667773195014021121,199,44
667766675769573376,367,184
667728196545200128,319,125
667724302356258817,418,262
667550904950915073,0,28
667550882905632768,0,25
667549055577362432,4972,1898
667546741521195010,300,104
667544320556335104,745,450
667538891197542400,171,57
667534815156183040,704,440
667530908589760512,403,205
667524857454854144,1466,952
667517642048163840,327,163
667509364010450944,5876,1834
667502640335572993,474,192
667495797102141441,443,227
667491009379606528,447,187
667470559035432960,222,85
667455448082227200,167,53
667453023279554560,278,70
667443425659232256,670,480
667437278097252352,389,198
667435689202614272,264,75
667405339315146752,401,192
667393430834667520,165,50
667369227918143488,323,141
667211855547486208,418,209
667200525029539841,532,224
667192066997374976,322,84
667188689915760640,633,327
667182792070062081,12209,5171
667177989038297088,158,47
667176164155375616,514,378
667174963120574464,216,69
667171260800061440,184,72
667165590075940865,2324,950
667160273090932737,213,50
667152164079423490,41575,14384
667138269671505920,3924,1835
667119796878725120,280,103
667090893657276420,279,104
667073648344346624,344,101
667070482143944705,71,12
667065535570550784,139,39
667062181243039745,190,46
667044094246576128,158,43
667012601033924608,385,184
666996132027977728,208,77
666983947667116034,2191,836
666837028449972224,686,462
666835007768551424,179,64
666826780179869698,215,77
666817836334096384,432,208
666804364988780544,204,79
666786068205871104,646,403
666781792255496192,319,167
666776908487630848,297,147
666739327293083650,203,59
666701168228331520,368,181
666691418707132416,159,41
666649482315059201,975,517
666644823164719104,203,67
666454714377183233,438,174
666447344410484738,88,18
666437273139982337,106,40
666435652385423360,132,41
666430724426358785,269,158
666428276349472768,135,64
666421158376562688,266,90
666418789513326592,101,39
666411507551481857,364,257
666407126856765440,92,30
666396247373291520,146,66
666373753744588802,158,73
666362758909284353,640,464
666353288456101888,170,56
666345417576210432,232,121
666337882303524864,163,78
666293911632134144,417,288
666287406224695296,119,55
666273097616637952,148,66
666268910803644416,97,38
666104133288665088,12535,5384
666102155909144576,63,11
666099513787052032,132,53
666094000022159362,139,63
666082916733198337,90,37
666073100786774016,272,129
666071193221509120,126,49
666063827256086533,389,179
666058600524156928,98,46
666057090499244032,245,111
666055525042405380,360,193
666051853826850816,1009,687
666050758794694657,112,49
666049248165822465,85,35
666044226329800704,243,113
666033412701032449,98,35
666029285002620928,111,39
666020888022790149,2227,417
